"","Value","Std.Error","DF","t.value","p.value","AIC","element"
"Control N",52.0666666666667,1.92444012008804,17,27.0554880472378,0.00000000000000204414507224633,147.664687714879,"N"
"N fert",5.61666666666667,1.8358788708842,17,3.05938847913291,0.0070953429697355,147.664687714879,"N"
"Control P",55.4666666666667,2.03635543454049,17,27.2382049448961,0.00000000000000182759713736474,154.851270416352,"P"
"P fert",-1.18333333333333,2.26799629509884,17,-0.52175276295227,0.608573986865513,154.851270416352,"P"
"Control K",56.8666666666667,1.98343097295911,17,28.6708574394331,0.000000000000000778154183624285,151.776853386701,"K"
"K fert",-3.98333333333333,2.07191379366387,17,-1.92253816037848,0.0714576741536586,151.776853386701,"K"
